Business Activity Description,Business Activity Vendor,Business Activity Cost USD,Business Activity Comment,2017 NAICS Title,combined_text
to the following text after the colon by recreating the text but purposely introducing typos and grammer errors: Drilling services for zinc exploration. #mexicanagenda http://t.co,nto the following text after the colon by recreating the text but purposely introducing typos and grammer errors: ZincDrill Corp : http://t.co/Xp9j,767.1956775540522,nto the following text after the colon by recreating the text but purposely introducing typos and grammer errors: Advanced geological analysis ensured. http://t.co/jzMnO,Support Activities for Metal Mining,to the following text after the colon by recreating the text but purposely introducing typos and grammer errors: Drilling services for zinc exploration. #mexicanagenda http://t.co:nto the following text after the colon by recreating the text but purposely introducing typos and grammer errors: ZincDrill Corp : http://t.co/Xp9j:nto the following text after the colon by recreating the text but purposely introducing typos and grammer errors: Advanced geological analysis ensured. http://t.co/jzMnO
to the following text after the colon by recreating the text but purposely introducing typos and grammer errors: Drilling services for zinc exploration... http://t.co/7GjY8,nto the following text after the colon by recreating the text but purposely introducing typos and grammer errors: MetalExplorer Inc. - http://t.co/w0J0,914.3382280800528,nto the following text after the colon by recreating the text but purposely introducing typos and grammer errors: Advanced geological analysis ensured. http://t.co/6H7Vw,Support Activities for Metal Mining,to the following text after the colon by recreating the text but purposely introducing typos and grammer errors: Drilling services for zinc exploration... http://t.co/7GjY8:nto the following text after the colon by recreating the text but purposely introducing typos and grammer errors: MetalExplorer Inc. - http://t.co/w0J0:nto the following text after the colon by recreating the text but purposely introducing typos and grammer errors: Advanced geological analysis ensured. http://t.co/6H7Vw
to the following text after the colon by recreating the text but purposely introducing typos and grammer errors: Drilling services for zinc exploration - http://t.co/YbRnf,nto the following text after the colon by recreating the text but purposely introducing typos and grammer errors: MetalExplorer Inc. v. JCPenney Metal Explorer.,19.83756998930908,the following text after the colon by recreating the text but purposely introducing typos and grammer errors: Minimized environmental footprint during exploration. http://t.co/IjM1RbZ1,Support Activities for Metal Mining,to the following text after the colon by recreating the text but purposely introducing typos and grammer errors: Drilling services for zinc exploration - http://t.co/YbRnf:nto the following text after the colon by recreating the text but purposely introducing typos and grammer errors: MetalExplorer Inc. v. JCPenney Metal Explorer.:the following text after the colon by recreating the text but purposely introducing typos and grammer errors: Minimized environmental footprint during exploration. http://t.co/IjM1RbZ1
"to the following text after the colon by recreating the text but purposely introducing typos and grammer errors: Drilling services for zinc exploration, arable land use, and mineral resource management. http",into the following text after the colon by recreating the text but purposely introducing typos and grammer errors: ZincQuest Services : I'm sorry but I ’ m,123.5594139003423,the following text after the colon by recreating the text but purposely introducing typos and grammer errors: Precision drilling for accurate zinc location. - @ John_Riley : My brother is doing the drilling.,Support Activities for Metal Mining,"to the following text after the colon by recreating the text but purposely introducing typos and grammer errors: Drilling services for zinc exploration, arable land use, and mineral resource management. http:into the following text after the colon by recreating the text but purposely introducing typos and grammer errors: ZincQuest Services : I'm sorry but I ’ m:the following text after the colon by recreating the text but purposely introducing typos and grammer errors: Precision drilling for accurate zinc location. - @ John_Riley : My brother is doing the drilling."
to the following text after the colon by recreating the text but purposely introducing typos and grammer errors: Drilling services for zinc exploration in #Cannes http://t.co/a,into the following text after the colon by recreating the text but purposely introducing typos and grammer errors: ZincQuest Services - Fix typos. http://t.co,338.10082002804296,the following text after the colon by recreating the text but purposely introducing typos and grammer errors: Minimized environmental footprint during exploration. http://t.co/g5vSdRc7,Support Activities for Metal Mining,to the following text after the colon by recreating the text but purposely introducing typos and grammer errors: Drilling services for zinc exploration in #Cannes http://t.co/a:into the following text after the colon by recreating the text but purposely introducing typos and grammer errors: ZincQuest Services - Fix typos. http://t.co:the following text after the colon by recreating the text but purposely introducing typos and grammer errors: Minimized environmental footprint during exploration. http://t.co/g5vSdRc7
"to the following text after the colon by recreating the text but purposely introducing typos and grammer errors: Drilling services for zinc exploration are taking our jobs seriously. 
 “ @ p",nto the following text after the colon by recreating the text but purposely introducing typos and grammer errors: ExploreZinc Co. http://t.co/WJXxR,109.5648355963542,nto the following text after the colon by recreating the text but purposely introducing typos and grammer errors: Advanced geological analysis ensured. http://t.co/WqQiI,Support Activities for Metal Mining,"to the following text after the colon by recreating the text but purposely introducing typos and grammer errors: Drilling services for zinc exploration are taking our jobs seriously. 
 “ @ p:nto the following text after the colon by recreating the text but purposely introducing typos and grammer errors: ExploreZinc Co. http://t.co/WJXxR:nto the following text after the colon by recreating the text but purposely introducing typos and grammer errors: Advanced geological analysis ensured. http://t.co/WqQiI"
nto the following text after the colon by recreating the text but purposely introducing typos and grammer errors: Environmental impact assessment for mining assets : http://t.co/a4Q,to the following text after the colon by recreating the text but purposely introducing typos and grammer errors: SustainAssess Ltd. v. Aircrewe Homes http://t.co,566.1845258608345,to the following text after the colon by recreating the text but purposely introducing typos and grammer errors: Comprehensive ecosystem evaluation conducted. http://t.co/7QgI7JQ,Support Activities for Metal Mining,nto the following text after the colon by recreating the text but purposely introducing typos and grammer errors: Environmental impact assessment for mining assets : http://t.co/a4Q:to the following text after the colon by recreating the text but purposely introducing typos and grammer errors: SustainAssess Ltd. v. Aircrewe Homes http://t.co:to the following text after the colon by recreating the text but purposely introducing typos and grammer errors: Comprehensive ecosystem evaluation conducted. http://t.co/7QgI7JQ
into the following text after the colon by recreating the text but purposely introducing typos and grammer errors: Ore transportation logistics are complicated.... http://t,"nto the following text after the colon by recreating the text but purposely introducing typos and grammer errors: MetalFreight Co. -'The Story of MetalFreight ', by",49.37240550606792,o the following text after the colon by recreating the text but purposely introducing typos and grammer errors: Eco-friendly transportation methods. http://t.co/IwvRQ8bY,Support Activities for Metal Mining,"into the following text after the colon by recreating the text but purposely introducing typos and grammer errors: Ore transportation logistics are complicated.... http://t:nto the following text after the colon by recreating the text but purposely introducing typos and grammer errors: MetalFreight Co. -'The Story of MetalFreight ', by:o the following text after the colon by recreating the text but purposely introducing typos and grammer errors: Eco-friendly transportation methods. http://t.co/IwvRQ8bY"
nto the following text after the colon by recreating the text but purposely introducing typos and grammer errors: Mine site reclamation services : http://t.co/nWdH,"nto the following text after the colon by recreating the text but purposely introducing typos and grammer errors: TerraHeal Solutions "" - http://t.co/R8c1",740.8037758781036,the following text after the colon by recreating the text but purposely introducing typos and grammer errors: Restoration of mining sites to natural state. http://t.co/1Y2TmEj3M3,Support Activities for Metal Mining,"nto the following text after the colon by recreating the text but purposely introducing typos and grammer errors: Mine site reclamation services : http://t.co/nWdH:nto the following text after the colon by recreating the text but purposely introducing typos and grammer errors: TerraHeal Solutions "" - http://t.co/R8c1:the following text after the colon by recreating the text but purposely introducing typos and grammer errors: Restoration of mining sites to natural state. http://t.co/1Y2TmEj3M3"
